Nb.threads,Tps.
1,23.564394
2,12.240823
3,8.678006
4,6.811628
5,6.436157
6,5.581240
7,4.738040
8,4.329236