case,exectime,result
0,0.000436,0
1,0.000712,16
2,0.000078,0